Lat,Lon,Date,Vendor_Count,Stall_Count,Image_File,Nighttime_Radiance
-23.6,-46.68800000000001,2024-02,0,1,sp_macro_images/macro_-23.60000_-46.68800_2024-02.jpg,94.2
-23.6,-46.68400000000001,2024-11,0,1,sp_macro_images/macro_-23.60000_-46.68400_2024-11.jpg,80.11
-23.6,-46.676000000000016,2023-07,0,0,sp_macro_images/macro_-23.60000_-46.67600_2023-07.jpg,93.88
-23.6,-46.67200000000002,2023-07,1,0,sp_macro_images/macro_-23.60000_-46.67200_2023-07.jpg,88.78
-23.6,-46.66800000000002,2023-03,0,1,sp_macro_images/macro_-23.60000_-46.66800_2023-03.jpg,93.91
-23.6,-46.66400000000002,2024-02,1,0,sp_macro_images/macro_-23.60000_-46.66400_2024-02.jpg,103.62
-23.6,-46.65200000000003,2024-12,0,1,sp_macro_images/macro_-23.60000_-46.65200_2024-12.jpg,89.26
-23.6,-46.64800000000003,2025-01,0,1,sp_macro_images/macro_-23.60000_-46.64800_2025-01.jpg,89.26
-23.6,-46.64000000000004,2025-01,1,2,sp_macro_images/macro_-23.60000_-46.64000_2025-01.jpg,88.9
-23.6,-46.63600000000004,2024-12,1,0,sp_macro_images/macro_-23.60000_-46.63600_2024-12.jpg,92.35
-23.6,-46.63200000000004,2024-12,0,0,sp_macro_images/macro_-23.60000_-46.63200_2024-12.jpg,83.34
-23.6,-46.624000000000045,2025-06,0,0,sp_macro_images/macro_-23.60000_-46.62400_2025-06.jpg,91.7
-23.6,-46.62000000000005,2024-01,0,0,sp_macro_images/macro_-23.60000_-46.62000_2024-01.jpg,86.14
-23.6,-46.61600000000005,2024-07,0,0,sp_macro_images/macro_-23.60000_-46.61600_2024-07.jpg,85.38
-23.6,-46.61200000000005,2024-07,0,0,sp_macro_images/macro_-23.60000_-46.61200_2024-07.jpg,96.93
-23.6,-46.60000000000006,2024-01,0,2,sp_macro_images/macro_-23.60000_-46.60000_2024-01.jpg,90.92
-23.6,-46.58800000000007,2024-01,0,0,sp_macro_images/macro_-23.60000_-46.58800_2024-01.jpg,60.0
-23.6,-46.57600000000007,2024-01,0,0,sp_macro_images/macro_-23.60000_-46.57600_2024-01.jpg,59.47
-23.6,-46.57200000000008,2024-04,0,1,sp_macro_images/macro_-23.60000_-46.57200_2024-04.jpg,55.12
-23.6,-46.55600000000008,2024-08,0,0,sp_macro_images/macro_-23.60000_-46.55600_2024-08.jpg,53.96
-23.6,-46.552000000000085,2024-08,0,1,sp_macro_images/macro_-23.60000_-46.55200_2024-08.jpg,62.33
-23.596,-46.7,2024-01,0,0,sp_macro_images/macro_-23.59600_-46.70000_2024-01.jpg,74.96
-23.596,-46.696000000000005,2024-04,0,0,sp_macro_images/macro_-23.59600_-46.69600_2024-04.jpg,97.12
-23.596,-46.69200000000001,2025-04,0,0,sp_macro_images/macro_-23.59600_-46.69200_2025-04.jpg,114.76
-23.596,-46.676000000000016,2024-04,1,0,sp_macro_images/macro_-23.59600_-46.67600_2024-04.jpg,114.94
-23.596,-46.66800000000002,2024-07,0,0,sp_macro_images/macro_-23.59600_-46.66800_2024-07.jpg,92.14
-23.596,-46.660000000000025,2023-07,0,3,sp_macro_images/macro_-23.59600_-46.66000_2023-07.jpg,69.13
-23.596,-46.65200000000003,2024-12,0,0,sp_macro_images/macro_-23.59600_-46.65200_2024-12.jpg,97.6
-23.596,-46.64800000000003,2025-01,0,0,sp_macro_images/macro_-23.59600_-46.64800_2025-01.jpg,97.6
-23.596,-46.644000000000034,2025-01,0,0,sp_macro_images/macro_-23.59600_-46.64400_2025-01.jpg,92.73
-23.596,-46.63200000000004,2024-12,0,0,sp_macro_images/macro_-23.59600_-46.63200_2024-12.jpg,85.41
-23.596,-46.62800000000004,2024-12,0,0,sp_macro_images/macro_-23.59600_-46.62800_2024-12.jpg,83.35
-23.596,-46.624000000000045,2024-07,1,1,sp_macro_images/macro_-23.59600_-46.62400_2024-07.jpg,93.31
-23.596,-46.61600000000005,2024-01,0,1,sp_macro_images/macro_-23.59600_-46.61600_2024-01.jpg,82.11
-23.596,-46.61200000000005,2024-01,0,0,sp_macro_images/macro_-23.59600_-46.61200_2024-01.jpg,86.33
-23.596,-46.60800000000005,2024-07,0,0,sp_macro_images/macro_-23.59600_-46.60800_2024-07.jpg,91.68
-23.596,-46.604000000000056,2023-03,0,0,sp_macro_images/macro_-23.59600_-46.60400_2023-03.jpg,85.0
-23.596,-46.59600000000006,2024-01,0,1,sp_macro_images/macro_-23.59600_-46.59600_2024-01.jpg,83.7
-23.596,-46.59200000000006,2025-06,0,3,sp_macro_images/macro_-23.59600_-46.59200_2025-06.jpg,70.38
-23.596,-46.58800000000007,2024-08,0,1,sp_macro_images/macro_-23.59600_-46.58800_2024-08.jpg,60.85
-23.596,-46.58400000000007,2024-07,0,0,sp_macro_images/macro_-23.59600_-46.58400_2024-07.jpg,55.83
-23.596,-46.58000000000007,2024-01,0,0,sp_macro_images/macro_-23.59600_-46.58000_2024-01.jpg,58.95
-23.596,-46.57600000000007,2023-03,0,0,sp_macro_images/macro_-23.59600_-46.57600_2023-03.jpg,56.89
-23.596,-46.57200000000008,2023-03,0,0,sp_macro_images/macro_-23.59600_-46.57200_2023-03.jpg,53.97
-23.596,-46.56800000000008,2024-01,0,0,sp_macro_images/macro_-23.59600_-46.56800_2024-01.jpg,46.42
-23.596,-46.56000000000008,2024-08,0,0,sp_macro_images/macro_-23.59600_-46.56000_2024-08.jpg,49.83
-23.596,-46.55600000000008,2023-03,0,0,sp_macro_images/macro_-23.59600_-46.55600_2023-03.jpg,49.58
-23.596,-46.552000000000085,2024-08,0,1,sp_macro_images/macro_-23.59600_-46.55200_2024-08.jpg,55.71
-23.592,-46.69200000000001,2025-05,0,0,sp_macro_images/macro_-23.59200_-46.69200_2025-05.jpg,122.11
-23.592,-46.68400000000001,2024-11,0,2,sp_macro_images/macro_-23.59200_-46.68400_2024-11.jpg,137.82
-23.592,-46.680000000000014,2024-11,0,0,sp_macro_images/macro_-23.59200_-46.68000_2024-11.jpg,131.38
-23.592,-46.67200000000002,2024-04,1,2,sp_macro_images/macro_-23.59200_-46.67200_2024-04.jpg,128.11
-23.592,-46.66800000000002,2024-04,0,0,sp_macro_images/macro_-23.59200_-46.66800_2024-04.jpg,89.32
-23.592,-46.65600000000003,2024-04,0,0,sp_macro_images/macro_-23.59200_-46.65600_2024-04.jpg,67.02
-23.592,-46.65200000000003,2024-07,0,1,sp_macro_images/macro_-23.59200_-46.65200_2024-07.jpg,84.27
-23.592,-46.64000000000004,2024-12,0,1,sp_macro_images/macro_-23.59200_-46.64000_2024-12.jpg,80.36
-23.592,-46.63600000000004,2024-07,0,1,sp_macro_images/macro_-23.59200_-46.63600_2024-07.jpg,83.73
-23.592,-46.62800000000004,2024-12,0,0,sp_macro_images/macro_-23.59200_-46.62800_2024-12.jpg,84.12
-23.592,-46.624000000000045,2025-01,1,1,sp_macro_images/macro_-23.59200_-46.62400_2025-01.jpg,90.36
-23.592,-46.62000000000005,2025-01,0,0,sp_macro_images/macro_-23.59200_-46.62000_2025-01.jpg,93.94
-23.592,-46.60800000000005,2024-04,0,0,sp_macro_images/macro_-23.59200_-46.60800_2024-04.jpg,86.5
-23.592,-46.604000000000056,2024-04,0,1,sp_macro_images/macro_-23.59200_-46.60400_2024-04.jpg,83.2
-23.592,-46.60000000000006,2024-04,1,1,sp_macro_images/macro_-23.59200_-46.60000_2024-04.jpg,82.73
-23.592,-46.59600000000006,2024-10,0,2,sp_macro_images/macro_-23.59200_-46.59600_2024-10.jpg,82.45
-23.592,-46.59200000000006,2024-01,0,0,sp_macro_images/macro_-23.59200_-46.59200_2024-01.jpg,83.84
-23.592,-46.58400000000007,2024-01,0,1,sp_macro_images/macro_-23.59200_-46.58400_2024-01.jpg,71.82
-23.592,-46.56000000000008,2024-04,0,1,sp_macro_images/macro_-23.59200_-46.56000_2024-04.jpg,49.85
-23.588,-46.68400000000001,2024-02,0,0,sp_macro_images/macro_-23.58800_-46.68400_2024-02.jpg,141.25
-23.588,-46.67200000000002,2024-04,0,0,sp_macro_images/macro_-23.58800_-46.67200_2024-04.jpg,134.52
-23.588,-46.66800000000002,2024-02,0,0,sp_macro_images/macro_-23.58800_-46.66800_2024-02.jpg,103.24
-23.588,-46.66400000000002,2024-04,0,0,sp_macro_images/macro_-23.58800_-46.66400_2024-04.jpg,59.8
-23.588,-46.660000000000025,2025-05,0,0,sp_macro_images/macro_-23.58800_-46.66000_2025-05.jpg,67.05
-23.588,-46.65200000000003,2025-01,1,0,sp_macro_images/macro_-23.58800_-46.65200_2025-01.jpg,81.28
-23.588,-46.64800000000003,2025-01,1,1,sp_macro_images/macro_-23.58800_-46.64800_2025-01.jpg,81.28
-23.588,-46.644000000000034,2024-12,0,0,sp_macro_images/macro_-23.58800_-46.64400_2024-12.jpg,74.36
-23.588,-46.64000000000004,2024-12,0,1,sp_macro_images/macro_-23.58800_-46.64000_2024-12.jpg,75.03
-23.588,-46.63200000000004,2025-01,0,1,sp_macro_images/macro_-23.58800_-46.63200_2025-01.jpg,81.16
-23.588,-46.62800000000004,2024-02,0,0,sp_macro_images/macro_-23.58800_-46.62800_2024-02.jpg,77.92
-23.588,-46.624000000000045,2024-02,0,1,sp_macro_images/macro_-23.58800_-46.62400_2024-02.jpg,76.91
-23.588,-46.62000000000005,2025-10,0,1,sp_macro_images/macro_-23.58800_-46.62000_2025-10.jpg,84.31
-23.588,-46.60800000000005,2025-01,0,0,sp_macro_images/macro_-23.58800_-46.60800_2025-01.jpg,84.37
-23.588,-46.604000000000056,2025-01,1,0,sp_macro_images/macro_-23.58800_-46.60400_2025-01.jpg,89.43
-23.588,-46.59600000000006,2024-12,0,0,sp_macro_images/macro_-23.58800_-46.59600_2024-12.jpg,91.02
-23.588,-46.59200000000006,2024-01,0,0,sp_macro_images/macro_-23.58800_-46.59200_2024-01.jpg,90.09
-23.588,-46.58800000000007,2024-01,0,0,sp_macro_images/macro_-23.58800_-46.58800_2024-01.jpg,82.45
-23.588,-46.58400000000007,2024-01,0,3,sp_macro_images/macro_-23.58800_-46.58400_2024-01.jpg,80.85
-23.588,-46.57600000000007,2024-08,0,0,sp_macro_images/macro_-23.58800_-46.57600_2024-08.jpg,72.56
-23.588,-46.57200000000008,2025-09,0,1,sp_macro_images/macro_-23.58800_-46.57200_2025-09.jpg,75.51
-23.588,-46.56800000000008,2024-07,0,0,sp_macro_images/macro_-23.58800_-46.56800_2024-07.jpg,64.14
-23.588,-46.56400000000008,2024-01,0,1,sp_macro_images/macro_-23.58800_-46.56400_2024-01.jpg,53.54
-23.588,-46.56000000000008,2024-01,0,0,sp_macro_images/macro_-23.58800_-46.56000_2024-01.jpg,58.31
-23.584,-46.7,2024-01,0,1,sp_macro_images/macro_-23.58400_-46.70000_2024-01.jpg,46.44
-23.584,-46.68800000000001,2024-04,0,0,sp_macro_images/macro_-23.58400_-46.68800_2024-04.jpg,91.25
-23.584,-46.68400000000001,2024-02,0,2,sp_macro_images/macro_-23.58400_-46.68400_2024-02.jpg,122.28
-23.584,-46.680000000000014,2024-02,0,0,sp_macro_images/macro_-23.58400_-46.68000_2024-02.jpg,109.38
-23.584,-46.676000000000016,2024-04,0,0,sp_macro_images/macro_-23.58400_-46.67600_2024-04.jpg,97.41
-23.584,-46.66800000000002,2024-04,0,0,sp_macro_images/macro_-23.58400_-46.66800_2024-04.jpg,91.12
-23.584,-46.66400000000002,2024-02,0,0,sp_macro_images/macro_-23.58400_-46.66400_2024-02.jpg,67.68
-23.584,-46.65200000000003,2024-02,0,0,sp_macro_images/macro_-23.58400_-46.65200_2024-02.jpg,97.82
-23.584,-46.644000000000034,2024-02,0,0,sp_macro_images/macro_-23.58400_-46.64400_2024-02.jpg,81.52
-23.584,-46.64000000000004,2025-01,0,0,sp_macro_images/macro_-23.58400_-46.64000_2025-01.jpg,83.16
-23.584,-46.63200000000004,2025-01,2,1,sp_macro_images/macro_-23.58400_-46.63200_2025-01.jpg,72.25
-23.584,-46.62800000000004,2024-02,0,1,sp_macro_images/macro_-23.58400_-46.62800_2024-02.jpg,63.61
-23.584,-46.624000000000045,2024-02,0,0,sp_macro_images/macro_-23.58400_-46.62400_2024-02.jpg,61.99
-23.584,-46.62000000000005,2024-02,0,0,sp_macro_images/macro_-23.58400_-46.62000_2024-02.jpg,67.75
-23.584,-46.61200000000005,2024-06,0,0,sp_macro_images/macro_-23.58400_-46.61200_2024-06.jpg,74.58
-23.584,-46.60800000000005,2024-04,1,1,sp_macro_images/macro_-23.58400_-46.60800_2024-04.jpg,89.5
-23.584,-46.604000000000056,2024-04,0,0,sp_macro_images/macro_-23.58400_-46.60400_2024-04.jpg,92.38
-23.584,-46.60000000000006,2025-06,0,0,sp_macro_images/macro_-23.58400_-46.60000_2025-06.jpg,95.39
-23.584,-46.58800000000007,2024-04,0,1,sp_macro_images/macro_-23.58400_-46.58800_2024-04.jpg,79.4
-23.584,-46.58000000000007,2024-01,0,0,sp_macro_images/macro_-23.58400_-46.58000_2024-01.jpg,86.49
-23.584,-46.57600000000007,2024-12,0,1,sp_macro_images/macro_-23.58400_-46.57600_2024-12.jpg,86.68
-23.584,-46.57200000000008,2024-01,0,0,sp_macro_images/macro_-23.58400_-46.57200_2024-01.jpg,87.91
-23.584,-46.56800000000008,2024-01,0,1,sp_macro_images/macro_-23.58400_-46.56800_2024-01.jpg,79.17
-23.584,-46.56400000000008,2024-04,0,1,sp_macro_images/macro_-23.58400_-46.56400_2024-04.jpg,76.54
-23.584,-46.56000000000008,2024-04,0,1,sp_macro_images/macro_-23.58400_-46.56000_2024-04.jpg,94.42
-23.584,-46.55600000000008,2023-03,0,3,sp_macro_images/macro_-23.58400_-46.55600_2023-03.jpg,89.79
-23.584,-46.552000000000085,2024-01,0,3,sp_macro_images/macro_-23.58400_-46.55200_2024-01.jpg,76.19
-23.579999999999995,-46.696000000000005,2025-05,0,0,sp_macro_images/macro_-23.58000_-46.69600_2025-05.jpg,43.35
-23.579999999999995,-46.69200000000001,2024-01,0,1,sp_macro_images/macro_-23.58000_-46.69200_2024-01.jpg,73.09
-23.579999999999995,-46.676000000000016,2024-04,1,0,sp_macro_images/macro_-23.58000_-46.67600_2024-04.jpg,76.15
-23.579999999999995,-46.67200000000002,2024-04,0,0,sp_macro_images/macro_-23.58000_-46.67200_2024-04.jpg,83.8
-23.579999999999995,-46.660000000000025,2024-02,0,0,sp_macro_images/macro_-23.58000_-46.66000_2024-02.jpg,87.42
-23.579999999999995,-46.65600000000003,2024-02,0,1,sp_macro_images/macro_-23.58000_-46.65600_2024-02.jpg,99.12
-23.579999999999995,-46.65200000000003,2024-04,0,1,sp_macro_images/macro_-23.58000_-46.65200_2024-04.jpg,105.65
-23.579999999999995,-46.64800000000003,2025-06,0,0,sp_macro_images/macro_-23.58000_-46.64800_2025-06.jpg,105.65
-23.579999999999995,-46.644000000000034,2024-02,0,0,sp_macro_images/macro_-23.58000_-46.64400_2024-02.jpg,102.58
-23.579999999999995,-46.64000000000004,2024-07,0,0,sp_macro_images/macro_-23.58000_-46.64000_2024-07.jpg,103.06
-23.579999999999995,-46.63600000000004,2024-02,1,0,sp_macro_images/macro_-23.58000_-46.63600_2024-02.jpg,94.16
-23.579999999999995,-46.62000000000005,2024-07,0,0,sp_macro_images/macro_-23.58000_-46.62000_2024-07.jpg,64.12
-23.579999999999995,-46.61600000000005,2025-01,0,1,sp_macro_images/macro_-23.58000_-46.61600_2025-01.jpg,71.44
-23.579999999999995,-46.604000000000056,2024-02,0,0,sp_macro_images/macro_-23.58000_-46.60400_2024-02.jpg,89.83
-23.579999999999995,-46.60000000000006,2025-06,0,0,sp_macro_images/macro_-23.58000_-46.60000_2025-06.jpg,94.29
-23.579999999999995,-46.59600000000006,2024-01,0,0,sp_macro_images/macro_-23.58000_-46.59600_2024-01.jpg,92.12
-23.579999999999995,-46.59200000000006,2024-04,0,0,sp_macro_images/macro_-23.58000_-46.59200_2024-04.jpg,78.89
-23.579999999999995,-46.58800000000007,2023-03,0,0,sp_macro_images/macro_-23.58000_-46.58800_2023-03.jpg,76.64
-23.579999999999995,-46.58400000000007,2024-04,1,0,sp_macro_images/macro_-23.58000_-46.58400_2024-04.jpg,84.34
-23.579999999999995,-46.57600000000007,2024-01,0,0,sp_macro_images/macro_-23.58000_-46.57600_2024-01.jpg,76.55
-23.579999999999995,-46.57200000000008,2024-09,1,0,sp_macro_images/macro_-23.58000_-46.57200_2024-09.jpg,75.19
-23.579999999999995,-46.56800000000008,2023-03,0,1,sp_macro_images/macro_-23.58000_-46.56800_2023-03.jpg,72.96
-23.579999999999995,-46.55600000000008,2024-01,0,0,sp_macro_images/macro_-23.58000_-46.55600_2024-01.jpg,82.01
-23.579999999999995,-46.552000000000085,2024-01,0,0,sp_macro_images/macro_-23.58000_-46.55200_2024-01.jpg,73.69
-23.575999999999997,-46.696000000000005,2025-09,0,1,sp_macro_images/macro_-23.57600_-46.69600_2025-09.jpg,57.96
-23.575999999999997,-46.69200000000001,2024-04,1,0,sp_macro_images/macro_-23.57600_-46.69200_2024-04.jpg,75.72
-23.575999999999997,-46.68400000000001,2024-07,0,0,sp_macro_images/macro_-23.57600_-46.68400_2024-07.jpg,66.77
-23.575999999999997,-46.680000000000014,2024-04,0,3,sp_macro_images/macro_-23.57600_-46.68000_2024-04.jpg,62.52
-23.575999999999997,-46.676000000000016,2024-04,0,1,sp_macro_images/macro_-23.57600_-46.67600_2024-04.jpg,67.07
-23.575999999999997,-46.67200000000002,2024-07,0,1,sp_macro_images/macro_-23.57600_-46.67200_2024-07.jpg,74.69
-23.575999999999997,-46.660000000000025,2024-02,1,1,sp_macro_images/macro_-23.57600_-46.66000_2024-02.jpg,88.92
-23.575999999999997,-46.64800000000003,2023-07,0,0,sp_macro_images/macro_-23.57600_-46.64800_2023-07.jpg,88.14
-23.575999999999997,-46.644000000000034,2025-01,0,1,sp_macro_images/macro_-23.57600_-46.64400_2025-01.jpg,118.77
-23.575999999999997,-46.63600000000004,2025-01,0,2,sp_macro_images/macro_-23.57600_-46.63600_2025-01.jpg,95.05
-23.575999999999997,-46.63200000000004,2025-01,0,1,sp_macro_images/macro_-23.57600_-46.63200_2025-01.jpg,80.75
-23.575999999999997,-46.61200000000005,2025-01,0,0,sp_macro_images/macro_-23.57600_-46.61200_2025-01.jpg,77.34
-23.575999999999997,-46.60800000000005,2024-07,0,0,sp_macro_images/macro_-23.57600_-46.60800_2024-07.jpg,87.67
-23.575999999999997,-46.60000000000006,2024-04,0,0,sp_macro_images/macro_-23.57600_-46.60000_2024-04.jpg,62.42
-23.575999999999997,-46.59600000000006,2024-01,0,1,sp_macro_images/macro_-23.57600_-46.59600_2024-01.jpg,57.27
-23.575999999999997,-46.59200000000006,2024-04,0,0,sp_macro_images/macro_-23.57600_-46.59200_2024-04.jpg,77.71
-23.575999999999997,-46.58400000000007,2025-05,0,1,sp_macro_images/macro_-23.57600_-46.58400_2025-05.jpg,63.04
-23.575999999999997,-46.58000000000007,2024-01,0,0,sp_macro_images/macro_-23.57600_-46.58000_2024-01.jpg,62.27
-23.575999999999997,-46.57600000000007,2023-03,0,0,sp_macro_images/macro_-23.57600_-46.57600_2023-03.jpg,66.57
-23.575999999999997,-46.56800000000008,2024-04,0,0,sp_macro_images/macro_-23.57600_-46.56800_2024-04.jpg,68.53
-23.575999999999997,-46.56400000000008,2024-04,0,2,sp_macro_images/macro_-23.57600_-46.56400_2024-04.jpg,69.78
-23.575999999999997,-46.56000000000008,2024-04,0,0,sp_macro_images/macro_-23.57600_-46.56000_2024-04.jpg,68.47
-23.571999999999992,-46.7,2024-01,0,1,sp_macro_images/macro_-23.57200_-46.70000_2024-01.jpg,103.45
-23.571999999999992,-46.696000000000005,2024-10,0,3,sp_macro_images/macro_-23.57200_-46.69600_2024-10.jpg,112.75
-23.571999999999992,-46.680000000000014,2024-07,0,1,sp_macro_images/macro_-23.57200_-46.68000_2024-07.jpg,67.94
-23.571999999999992,-46.67200000000002,2024-04,0,0,sp_macro_images/macro_-23.57200_-46.67200_2024-04.jpg,89.36
-23.571999999999992,-46.66400000000002,2025-10,0,0,sp_macro_images/macro_-23.57200_-46.66400_2025-10.jpg,93.78
-23.571999999999992,-46.660000000000025,2023-03,1,0,sp_macro_images/macro_-23.57200_-46.66000_2023-03.jpg,93.02
-23.571999999999992,-46.65200000000003,2024-04,0,2,sp_macro_images/macro_-23.57200_-46.65200_2024-04.jpg,95.76
-23.571999999999992,-46.64800000000003,2024-11,0,1,sp_macro_images/macro_-23.57200_-46.64800_2024-11.jpg,95.76
-23.571999999999992,-46.64000000000004,2024-11,0,0,sp_macro_images/macro_-23.57200_-46.64000_2024-11.jpg,119.24
-23.571999999999992,-46.63600000000004,2025-01,1,0,sp_macro_images/macro_-23.57200_-46.63600_2025-01.jpg,97.09
-23.571999999999992,-46.63200000000004,2025-01,0,0,sp_macro_images/macro_-23.57200_-46.63200_2025-01.jpg,84.47
-23.571999999999992,-46.62800000000004,2025-01,1,1,sp_macro_images/macro_-23.57200_-46.62800_2025-01.jpg,70.91
-23.571999999999992,-46.61600000000005,2025-01,0,0,sp_macro_images/macro_-23.57200_-46.61600_2025-01.jpg,59.62
-23.571999999999992,-46.61200000000005,2025-01,0,0,sp_macro_images/macro_-23.57200_-46.61200_2025-01.jpg,79.51
-23.571999999999992,-46.60800000000005,2024-08,0,0,sp_macro_images/macro_-23.57200_-46.60800_2024-08.jpg,90.26
-23.571999999999992,-46.604000000000056,2025-05,0,0,sp_macro_images/macro_-23.57200_-46.60400_2025-05.jpg,78.97
-23.571999999999992,-46.60000000000006,2024-04,0,1,sp_macro_images/macro_-23.57200_-46.60000_2024-04.jpg,58.94
-23.571999999999992,-46.59600000000006,2024-04,0,0,sp_macro_images/macro_-23.57200_-46.59600_2024-04.jpg,55.79
-23.571999999999992,-46.59200000000006,2024-01,0,3,sp_macro_images/macro_-23.57200_-46.59200_2024-01.jpg,79.83
-23.571999999999992,-46.58400000000007,2024-04,0,0,sp_macro_images/macro_-23.57200_-46.58400_2024-04.jpg,70.86
-23.571999999999992,-46.58000000000007,2024-01,0,1,sp_macro_images/macro_-23.57200_-46.58000_2024-01.jpg,62.44
-23.571999999999992,-46.57600000000007,2023-03,0,0,sp_macro_images/macro_-23.57200_-46.57600_2023-03.jpg,55.83
-23.571999999999992,-46.57200000000008,2024-12,0,0,sp_macro_images/macro_-23.57200_-46.57200_2024-12.jpg,59.38
-23.571999999999992,-46.56800000000008,2024-04,0,0,sp_macro_images/macro_-23.57200_-46.56800_2024-04.jpg,66.82
-23.571999999999992,-46.56400000000008,2024-04,0,0,sp_macro_images/macro_-23.57200_-46.56400_2024-04.jpg,66.37
-23.571999999999992,-46.56000000000008,2023-03,0,5,sp_macro_images/macro_-23.57200_-46.56000_2023-03.jpg,68.43
-23.571999999999992,-46.55600000000008,2023-03,1,0,sp_macro_images/macro_-23.57200_-46.55600_2023-03.jpg,67.2
-23.56799999999999,-46.7,2023-12,0,1,sp_macro_images/macro_-23.56800_-46.70000_2023-12.jpg,131.78
-23.56799999999999,-46.696000000000005,2023-06,0,0,sp_macro_images/macro_-23.56800_-46.69600_2023-06.jpg,216.52
-23.56799999999999,-46.69200000000001,2023-03,0,0,sp_macro_images/macro_-23.56800_-46.69200_2023-03.jpg,186.82
-23.56799999999999,-46.68400000000001,2024-04,0,0,sp_macro_images/macro_-23.56800_-46.68400_2024-04.jpg,90.17
-23.56799999999999,-46.680000000000014,2023-12,0,1,sp_macro_images/macro_-23.56800_-46.68000_2023-12.jpg,105.22
-23.56799999999999,-46.676000000000016,2024-07,0,3,sp_macro_images/macro_-23.56800_-46.67600_2024-07.jpg,93.35
-23.56799999999999,-46.67200000000002,2024-04,0,1,sp_macro_images/macro_-23.56800_-46.67200_2024-04.jpg,95.1
-23.56799999999999,-46.66800000000002,2023-12,0,0,sp_macro_images/macro_-23.56800_-46.66800_2023-12.jpg,92.55
-23.56799999999999,-46.660000000000025,2024-01,0,1,sp_macro_images/macro_-23.56800_-46.66000_2024-01.jpg,93.97
-23.56799999999999,-46.65600000000003,2024-04,0,1,sp_macro_images/macro_-23.56800_-46.65600_2024-04.jpg,127.19
-23.56799999999999,-46.644000000000034,2024-07,0,1,sp_macro_images/macro_-23.56800_-46.64400_2024-07.jpg,109.58
-23.56799999999999,-46.64000000000004,2024-11,1,0,sp_macro_images/macro_-23.56800_-46.64000_2024-11.jpg,105.05
-23.56799999999999,-46.63200000000004,2025-01,0,0,sp_macro_images/macro_-23.56800_-46.63200_2025-01.jpg,83.92
-23.56799999999999,-46.62800000000004,2025-01,0,0,sp_macro_images/macro_-23.56800_-46.62800_2025-01.jpg,75.32
-23.56799999999999,-46.62000000000005,2025-01,0,1,sp_macro_images/macro_-23.56800_-46.62000_2025-01.jpg,73.43
-23.56799999999999,-46.61200000000005,2025-01,0,0,sp_macro_images/macro_-23.56800_-46.61200_2025-01.jpg,89.11
-23.56799999999999,-46.60800000000005,2024-07,0,0,sp_macro_images/macro_-23.56800_-46.60800_2024-07.jpg,92.63
-23.56799999999999,-46.60000000000006,2024-01,0,1,sp_macro_images/macro_-23.56800_-46.60000_2024-01.jpg,65.52
-23.56799999999999,-46.59600000000006,2024-07,0,1,sp_macro_images/macro_-23.56800_-46.59600_2024-07.jpg,76.29
-23.56799999999999,-46.59200000000006,2024-04,0,1,sp_macro_images/macro_-23.56800_-46.59200_2024-04.jpg,86.87
-23.56799999999999,-46.58400000000007,2024-01,0,0,sp_macro_images/macro_-23.56800_-46.58400_2024-01.jpg,73.4
-23.56799999999999,-46.58000000000007,2024-01,1,0,sp_macro_images/macro_-23.56800_-46.58000_2024-01.jpg,69.07
-23.56799999999999,-46.57600000000007,2024-01,0,1,sp_macro_images/macro_-23.56800_-46.57600_2024-01.jpg,59.48
-23.56799999999999,-46.57200000000008,2024-01,0,1,sp_macro_images/macro_-23.56800_-46.57200_2024-01.jpg,61.09
-23.56799999999999,-46.56400000000008,2023-03,0,0,sp_macro_images/macro_-23.56800_-46.56400_2023-03.jpg,74.61
-23.56799999999999,-46.56000000000008,2024-04,0,1,sp_macro_images/macro_-23.56800_-46.56000_2024-04.jpg,88.75
-23.56799999999999,-46.55600000000008,2024-04,0,1,sp_macro_images/macro_-23.56800_-46.55600_2024-04.jpg,71.38
-23.56799999999999,-46.552000000000085,2024-04,0,1,sp_macro_images/macro_-23.56800_-46.55200_2024-04.jpg,73.14
-23.56399999999999,-46.696000000000005,2024-04,0,1,sp_macro_images/macro_-23.56400_-46.69600_2024-04.jpg,197.9
-23.56399999999999,-46.69200000000001,2025-12,0,0,sp_macro_images/macro_-23.56400_-46.69200_2025-12.jpg,173.22
-23.56399999999999,-46.67200000000002,2024-04,1,0,sp_macro_images/macro_-23.56400_-46.67200_2024-04.jpg,108.46
-23.56399999999999,-46.66800000000002,2023-12,0,2,sp_macro_images/macro_-23.56400_-46.66800_2023-12.jpg,90.75
-23.56399999999999,-46.66400000000002,2024-04,0,0,sp_macro_images/macro_-23.56400_-46.66400_2024-04.jpg,84.56
-23.56399999999999,-46.660000000000025,2024-07,0,0,sp_macro_images/macro_-23.56400_-46.66000_2024-07.jpg,109.08
-23.56399999999999,-46.64800000000003,2024-02,1,1,sp_macro_images/macro_-23.56400_-46.64800_2024-02.jpg,207.03
-23.56399999999999,-46.644000000000034,2024-07,0,0,sp_macro_images/macro_-23.56400_-46.64400_2024-07.jpg,176.67
-23.56399999999999,-46.63600000000004,2025-01,1,1,sp_macro_images/macro_-23.56400_-46.63600_2025-01.jpg,104.56
-23.56399999999999,-46.63200000000004,2025-01,1,1,sp_macro_images/macro_-23.56400_-46.63200_2025-01.jpg,91.36
-23.56399999999999,-46.624000000000045,2025-01,1,0,sp_macro_images/macro_-23.56400_-46.62400_2025-01.jpg,75.37
-23.56399999999999,-46.62000000000005,2025-01,0,1,sp_macro_images/macro_-23.56400_-46.62000_2025-01.jpg,78.03
-23.56399999999999,-46.61600000000005,2025-01,0,0,sp_macro_images/macro_-23.56400_-46.61600_2025-01.jpg,81.33
-23.56399999999999,-46.61200000000005,2025-06,0,0,sp_macro_images/macro_-23.56400_-46.61200_2025-06.jpg,101.45
-23.56399999999999,-46.60800000000005,2025-01,0,1,sp_macro_images/macro_-23.56400_-46.60800_2025-01.jpg,102.05
-23.56399999999999,-46.604000000000056,2025-01,0,1,sp_macro_images/macro_-23.56400_-46.60400_2025-01.jpg,69.57
-23.56399999999999,-46.60000000000006,2024-07,0,1,sp_macro_images/macro_-23.56400_-46.60000_2024-07.jpg,71.89
-23.56399999999999,-46.59200000000006,2023-03,0,1,sp_macro_images/macro_-23.56400_-46.59200_2023-03.jpg,82.14
-23.56399999999999,-46.58400000000007,2024-01,0,1,sp_macro_images/macro_-23.56400_-46.58400_2024-01.jpg,73.18
-23.56399999999999,-46.58000000000007,2023-03,0,2,sp_macro_images/macro_-23.56400_-46.58000_2023-03.jpg,75.51
-23.56399999999999,-46.57600000000007,2025-04,0,1,sp_macro_images/macro_-23.56400_-46.57600_2025-04.jpg,69.43
-23.56399999999999,-46.56800000000008,2024-04,1,1,sp_macro_images/macro_-23.56400_-46.56800_2024-04.jpg,80.37
-23.56399999999999,-46.56000000000008,2024-04,0,1,sp_macro_images/macro_-23.56400_-46.56000_2024-04.jpg,125.22
-23.56399999999999,-46.55600000000008,2023-03,0,0,sp_macro_images/macro_-23.56400_-46.55600_2023-03.jpg,86.06
-23.56399999999999,-46.552000000000085,2024-05,0,1,sp_macro_images/macro_-23.56400_-46.55200_2024-05.jpg,79.0
-23.559999999999988,-46.7,2024-04,0,2,sp_macro_images/macro_-23.56000_-46.70000_2024-04.jpg,56.45
-23.559999999999988,-46.68800000000001,2023-12,0,1,sp_macro_images/macro_-23.56000_-46.68800_2023-12.jpg,72.45
-23.559999999999988,-46.680000000000014,2023-03,0,0,sp_macro_images/macro_-23.56000_-46.68000_2023-03.jpg,88.92
-23.559999999999988,-46.67200000000002,2024-11,1,1,sp_macro_images/macro_-23.56000_-46.67200_2024-11.jpg,107.71
-23.559999999999988,-46.66800000000002,2023-12,0,1,sp_macro_images/macro_-23.56000_-46.66800_2023-12.jpg,106.53
-23.559999999999988,-46.66400000000002,2024-12,0,1,sp_macro_images/macro_-23.56000_-46.66400_2024-12.jpg,115.62
-23.559999999999988,-46.660000000000025,2024-11,3,1,sp_macro_images/macro_-23.56000_-46.66000_2024-11.jpg,124.74
-23.559999999999988,-46.65200000000003,2024-05,0,0,sp_macro_images/macro_-23.56000_-46.65200_2024-05.jpg,94.43
-23.559999999999988,-46.64800000000003,2024-07,0,2,sp_macro_images/macro_-23.56000_-46.64800_2024-07.jpg,94.43
-23.559999999999988,-46.644000000000034,2024-07,0,1,sp_macro_images/macro_-23.56000_-46.64400_2024-07.jpg,92.65
-23.559999999999988,-46.64000000000004,2024-02,0,2,sp_macro_images/macro_-23.56000_-46.64000_2024-02.jpg,100.5
-23.559999999999988,-46.63600000000004,2024-02,0,0,sp_macro_images/macro_-23.56000_-46.63600_2024-02.jpg,106.85
-23.559999999999988,-46.63200000000004,2025-01,0,0,sp_macro_images/macro_-23.56000_-46.63200_2025-01.jpg,105.97
-23.559999999999988,-46.624000000000045,2025-01,0,2,sp_macro_images/macro_-23.56000_-46.62400_2025-01.jpg,118.58
-23.559999999999988,-46.62000000000005,2025-01,0,0,sp_macro_images/macro_-23.56000_-46.62000_2025-01.jpg,96.7
-23.559999999999988,-46.61200000000005,2024-01,0,1,sp_macro_images/macro_-23.56000_-46.61200_2024-01.jpg,78.59
-23.559999999999988,-46.604000000000056,2024-07,1,2,sp_macro_images/macro_-23.56000_-46.60400_2024-07.jpg,77.5
-23.559999999999988,-46.59600000000006,2023-03,0,1,sp_macro_images/macro_-23.56000_-46.59600_2023-03.jpg,79.57
-23.559999999999988,-46.59200000000006,2024-04,0,0,sp_macro_images/macro_-23.56000_-46.59200_2024-04.jpg,76.54
-23.559999999999988,-46.58800000000007,2024-01,0,0,sp_macro_images/macro_-23.56000_-46.58800_2024-01.jpg,75.64
-23.559999999999988,-46.58400000000007,2024-04,0,0,sp_macro_images/macro_-23.56000_-46.58400_2024-04.jpg,70.23
-23.559999999999988,-46.58000000000007,2024-01,0,3,sp_macro_images/macro_-23.56000_-46.58000_2024-01.jpg,76.04
-23.559999999999988,-46.57600000000007,2023-03,0,0,sp_macro_images/macro_-23.56000_-46.57600_2023-03.jpg,88.05
-23.559999999999988,-46.57200000000008,2024-04,0,1,sp_macro_images/macro_-23.56000_-46.57200_2024-04.jpg,89.08
-23.559999999999988,-46.56800000000008,2023-03,0,1,sp_macro_images/macro_-23.56000_-46.56800_2023-03.jpg,83.95
-23.559999999999988,-46.552000000000085,2023-03,0,1,sp_macro_images/macro_-23.56000_-46.55200_2023-03.jpg,85.63
-23.555999999999987,-46.696000000000005,2024-04,0,1,sp_macro_images/macro_-23.55600_-46.69600_2024-04.jpg,63.69
-23.555999999999987,-46.680000000000014,2023-12,0,2,sp_macro_images/macro_-23.55600_-46.68000_2023-12.jpg,78.72
-23.555999999999987,-46.67200000000002,2024-04,0,0,sp_macro_images/macro_-23.55600_-46.67200_2024-04.jpg,80.87
-23.555999999999987,-46.66800000000002,2024-11,1,0,sp_macro_images/macro_-23.55600_-46.66800_2024-11.jpg,121.67
-23.555999999999987,-46.66400000000002,2024-11,1,1,sp_macro_images/macro_-23.55600_-46.66400_2024-11.jpg,142.69
-23.555999999999987,-46.660000000000025,2024-11,1,0,sp_macro_images/macro_-23.55600_-46.66000_2024-11.jpg,131.66
-23.555999999999987,-46.65200000000003,2024-07,0,3,sp_macro_images/macro_-23.55600_-46.65200_2024-07.jpg,112.85
-23.555999999999987,-46.64800000000003,2024-07,0,0,sp_macro_images/macro_-23.55600_-46.64800_2024-07.jpg,112.85
-23.555999999999987,-46.644000000000034,2024-07,0,0,sp_macro_images/macro_-23.55600_-46.64400_2024-07.jpg,120.48
-23.555999999999987,-46.64000000000004,2024-07,0,1,sp_macro_images/macro_-23.55600_-46.64000_2024-07.jpg,103.18
-23.555999999999987,-46.63200000000004,2025-01,0,0,sp_macro_images/macro_-23.55600_-46.63200_2025-01.jpg,130.59
-23.555999999999987,-46.62800000000004,2024-06,0,2,sp_macro_images/macro_-23.55600_-46.62800_2024-06.jpg,129.52
-23.555999999999987,-46.62000000000005,2025-01,0,1,sp_macro_images/macro_-23.55600_-46.62000_2025-01.jpg,106.07
-23.555999999999987,-46.61600000000005,2025-01,0,2,sp_macro_images/macro_-23.55600_-46.61600_2025-01.jpg,90.59
-23.555999999999987,-46.61200000000005,2025-01,0,1,sp_macro_images/macro_-23.55600_-46.61200_2025-01.jpg,82.95
-23.555999999999987,-46.60800000000005,2025-01,0,0,sp_macro_images/macro_-23.55600_-46.60800_2025-01.jpg,81.26
-23.555999999999987,-46.604000000000056,2025-01,0,1,sp_macro_images/macro_-23.55600_-46.60400_2025-01.jpg,94.47
-23.555999999999987,-46.59600000000006,2024-07,0,2,sp_macro_images/macro_-23.55600_-46.59600_2024-07.jpg,76.31
-23.555999999999987,-46.59200000000006,2024-01,0,1,sp_macro_images/macro_-23.55600_-46.59200_2024-01.jpg,71.37
-23.555999999999987,-46.58800000000007,2024-04,1,0,sp_macro_images/macro_-23.55600_-46.58800_2024-04.jpg,64.16
-23.555999999999987,-46.58000000000007,2024-01,0,0,sp_macro_images/macro_-23.55600_-46.58000_2024-01.jpg,73.44
-23.555999999999987,-46.57600000000007,2024-01,0,1,sp_macro_images/macro_-23.55600_-46.57600_2024-01.jpg,88.16
-23.555999999999987,-46.57200000000008,2024-04,0,1,sp_macro_images/macro_-23.55600_-46.57200_2024-04.jpg,91.79
-23.555999999999987,-46.56800000000008,2024-01,0,0,sp_macro_images/macro_-23.55600_-46.56800_2024-01.jpg,93.32
-23.555999999999987,-46.56400000000008,2023-12,0,1,sp_macro_images/macro_-23.55600_-46.56400_2023-12.jpg,94.9
-23.555999999999987,-46.56000000000008,2024-01,0,0,sp_macro_images/macro_-23.55600_-46.56000_2024-01.jpg,82.94
-23.555999999999987,-46.55600000000008,2024-01,0,0,sp_macro_images/macro_-23.55600_-46.55600_2024-01.jpg,70.94
-23.555999999999987,-46.552000000000085,2023-03,0,0,sp_macro_images/macro_-23.55600_-46.55200_2023-03.jpg,67.81
-23.551999999999985,-46.7,2024-04,0,0,sp_macro_images/macro_-23.55200_-46.70000_2024-04.jpg,47.73
-23.551999999999985,-46.696000000000005,2023-12,2,0,sp_macro_images/macro_-23.55200_-46.69600_2023-12.jpg,58.99
-23.551999999999985,-46.69200000000001,2023-12,0,1,sp_macro_images/macro_-23.55200_-46.69200_2023-12.jpg,68.21
-23.551999999999985,-46.68400000000001,2024-04,0,0,sp_macro_images/macro_-23.55200_-46.68400_2024-04.jpg,72.29
-23.551999999999985,-46.676000000000016,2024-04,0,0,sp_macro_images/macro_-23.55200_-46.67600_2024-04.jpg,63.48
-23.551999999999985,-46.66800000000002,2024-04,0,1,sp_macro_images/macro_-23.55200_-46.66800_2024-04.jpg,119.04
-23.551999999999985,-46.65200000000003,2024-04,0,0,sp_macro_images/macro_-23.55200_-46.65200_2024-04.jpg,118.98
-23.551999999999985,-46.64800000000003,2024-01,0,0,sp_macro_images/macro_-23.55200_-46.64800_2024-01.jpg,118.98
-23.551999999999985,-46.644000000000034,2023-03,0,2,sp_macro_images/macro_-23.55200_-46.64400_2023-03.jpg,128.32
-23.551999999999985,-46.63600000000004,2025-05,0,1,sp_macro_images/macro_-23.55200_-46.63600_2025-05.jpg,180.52
-23.551999999999985,-46.62800000000004,2024-02,0,2,sp_macro_images/macro_-23.55200_-46.62800_2024-02.jpg,136.73
-23.551999999999985,-46.624000000000045,2025-05,0,0,sp_macro_images/macro_-23.55200_-46.62400_2025-05.jpg,106.7
-23.551999999999985,-46.62000000000005,2025-01,0,1,sp_macro_images/macro_-23.55200_-46.62000_2025-01.jpg,88.35
-23.551999999999985,-46.61600000000005,2025-01,0,0,sp_macro_images/macro_-23.55200_-46.61600_2025-01.jpg,80.92
-23.551999999999985,-46.60800000000005,2025-01,0,1,sp_macro_images/macro_-23.55200_-46.60800_2025-01.jpg,93.12
-23.551999999999985,-46.60000000000006,2025-01,0,1,sp_macro_images/macro_-23.55200_-46.60000_2025-01.jpg,104.48
-23.551999999999985,-46.59200000000006,2024-04,0,0,sp_macro_images/macro_-23.55200_-46.59200_2024-04.jpg,79.0
-23.551999999999985,-46.58800000000007,2024-01,0,0,sp_macro_images/macro_-23.55200_-46.58800_2024-01.jpg,66.22
-23.551999999999985,-46.58400000000007,2023-03,0,2,sp_macro_images/macro_-23.55200_-46.58400_2023-03.jpg,59.34
-23.551999999999985,-46.57600000000007,2024-04,0,1,sp_macro_images/macro_-23.55200_-46.57600_2024-04.jpg,81.68
-23.551999999999985,-46.57200000000008,2024-01,0,0,sp_macro_images/macro_-23.55200_-46.57200_2024-01.jpg,95.55
-23.551999999999985,-46.56800000000008,2024-01,0,0,sp_macro_images/macro_-23.55200_-46.56800_2024-01.jpg,97.6
-23.551999999999985,-46.56400000000008,2024-04,0,2,sp_macro_images/macro_-23.55200_-46.56400_2024-04.jpg,97.08
-23.551999999999985,-46.56000000000008,2023-03,1,0,sp_macro_images/macro_-23.55200_-46.56000_2023-03.jpg,87.45
-23.551999999999985,-46.552000000000085,2024-04,0,1,sp_macro_images/macro_-23.55200_-46.55200_2024-04.jpg,65.76
-23.547999999999984,-46.7,2023-12,0,0,sp_macro_images/macro_-23.54800_-46.70000_2023-12.jpg,47.73
-23.547999999999984,-46.696000000000005,2023-12,0,0,sp_macro_images/macro_-23.54800_-46.69600_2023-12.jpg,58.99
-23.547999999999984,-46.69200000000001,2024-10,0,2,sp_macro_images/macro_-23.54800_-46.69200_2024-10.jpg,68.21
-23.547999999999984,-46.68800000000001,2024-10,1,0,sp_macro_images/macro_-23.54800_-46.68800_2024-10.jpg,70.72
-23.547999999999984,-46.680000000000014,2024-04,0,0,sp_macro_images/macro_-23.54800_-46.68000_2024-04.jpg,74.66
-23.547999999999984,-46.676000000000016,2024-02,0,0,sp_macro_images/macro_-23.54800_-46.67600_2024-02.jpg,63.48
-23.547999999999984,-46.67200000000002,2024-04,0,0,sp_macro_images/macro_-23.54800_-46.67200_2024-04.jpg,89.09
-23.547999999999984,-46.66800000000002,2024-04,0,0,sp_macro_images/macro_-23.54800_-46.66800_2024-04.jpg,119.04
-23.547999999999984,-46.66400000000002,2024-11,0,0,sp_macro_images/macro_-23.54800_-46.66400_2024-11.jpg,200.41
-23.547999999999984,-46.660000000000025,2024-04,1,1,sp_macro_images/macro_-23.54800_-46.66000_2024-04.jpg,139.22
-23.547999999999984,-46.64000000000004,2024-01,0,0,sp_macro_images/macro_-23.54800_-46.64000_2024-01.jpg,149.35
-23.547999999999984,-46.62800000000004,2025-06,0,0,sp_macro_images/macro_-23.54800_-46.62800_2025-06.jpg,136.73
-23.547999999999984,-46.62000000000005,2025-01,0,0,sp_macro_images/macro_-23.54800_-46.62000_2025-01.jpg,88.35
-23.547999999999984,-46.61200000000005,2025-01,0,0,sp_macro_images/macro_-23.54800_-46.61200_2025-01.jpg,85.74
-23.547999999999984,-46.60800000000005,2025-01,0,0,sp_macro_images/macro_-23.54800_-46.60800_2025-01.jpg,93.12
-23.547999999999984,-46.59200000000006,2024-04,0,0,sp_macro_images/macro_-23.54800_-46.59200_2024-04.jpg,79.0
-23.547999999999984,-46.58800000000007,2023-01,0,0,sp_macro_images/macro_-23.54800_-46.58800_2023-01.jpg,66.22
-23.547999999999984,-46.58400000000007,2023-01,0,0,sp_macro_images/macro_-23.54800_-46.58400_2023-01.jpg,59.34
-23.547999999999984,-46.56800000000008,2024-04,0,0,sp_macro_images/macro_-23.54800_-46.56800_2024-04.jpg,97.6
-23.547999999999984,-46.55600000000008,2023-03,0,1,sp_macro_images/macro_-23.54800_-46.55600_2023-03.jpg,79.79
-23.543999999999983,-46.696000000000005,2024-04,0,0,sp_macro_images/macro_-23.54400_-46.69600_2024-04.jpg,58.87
-23.543999999999983,-46.69200000000001,2023-12,0,0,sp_macro_images/macro_-23.54400_-46.69200_2023-12.jpg,72.92
-23.543999999999983,-46.68400000000001,2023-12,0,2,sp_macro_images/macro_-23.54400_-46.68400_2023-12.jpg,62.49
-23.543999999999983,-46.680000000000014,2024-04,0,1,sp_macro_images/macro_-23.54400_-46.68000_2024-04.jpg,52.75
-23.543999999999983,-46.676000000000016,2023-03,0,0,sp_macro_images/macro_-23.54400_-46.67600_2023-03.jpg,52.99
-23.543999999999983,-46.67200000000002,2023-12,0,1,sp_macro_images/macro_-23.54400_-46.67200_2023-12.jpg,90.41
-23.543999999999983,-46.66400000000002,2023-12,0,0,sp_macro_images/macro_-23.54400_-46.66400_2023-12.jpg,218.08
-23.543999999999983,-46.65600000000003,2023-12,0,0,sp_macro_images/macro_-23.54400_-46.65600_2023-12.jpg,90.59
-23.543999999999983,-46.65200000000003,2024-07,0,0,sp_macro_images/macro_-23.54400_-46.65200_2024-07.jpg,124.75
-23.543999999999983,-46.64800000000003,2023-12,0,1,sp_macro_images/macro_-23.54400_-46.64800_2023-12.jpg,124.75
-23.543999999999983,-46.64000000000004,2024-01,4,0,sp_macro_images/macro_-23.54400_-46.64000_2024-01.jpg,221.93
-23.543999999999983,-46.63600000000004,2024-05,0,0,sp_macro_images/macro_-23.54400_-46.63600_2024-05.jpg,245.62
-23.543999999999983,-46.63200000000004,2024-01,0,3,sp_macro_images/macro_-23.54400_-46.63200_2024-01.jpg,168.44
-23.543999999999983,-46.62000000000005,2024-07,0,1,sp_macro_images/macro_-23.54400_-46.62000_2024-07.jpg,77.95
-23.543999999999983,-46.61600000000005,2024-07,3,0,sp_macro_images/macro_-23.54400_-46.61600_2024-07.jpg,80.3
-23.543999999999983,-46.61200000000005,2024-07,0,1,sp_macro_images/macro_-23.54400_-46.61200_2024-07.jpg,80.85
-23.543999999999983,-46.60800000000005,2025-01,0,0,sp_macro_images/macro_-23.54400_-46.60800_2025-01.jpg,78.71
-23.543999999999983,-46.604000000000056,2024-07,0,0,sp_macro_images/macro_-23.54400_-46.60400_2024-07.jpg,93.08
-23.543999999999983,-46.60000000000006,2024-01,0,0,sp_macro_images/macro_-23.54400_-46.60000_2024-01.jpg,90.55
-23.543999999999983,-46.59200000000006,2025-01,1,0,sp_macro_images/macro_-23.54400_-46.59200_2025-01.jpg,99.0
-23.543999999999983,-46.58800000000007,2024-01,0,2,sp_macro_images/macro_-23.54400_-46.58800_2024-01.jpg,87.32
-23.543999999999983,-46.58400000000007,2024-01,0,0,sp_macro_images/macro_-23.54400_-46.58400_2024-01.jpg,80.09
-23.543999999999983,-46.58000000000007,2025-04,0,0,sp_macro_images/macro_-23.54400_-46.58000_2025-04.jpg,74.8
-23.543999999999983,-46.57600000000007,2024-01,0,1,sp_macro_images/macro_-23.54400_-46.57600_2024-01.jpg,83.67
-23.543999999999983,-46.57200000000008,2024-04,0,1,sp_macro_images/macro_-23.54400_-46.57200_2024-04.jpg,98.77
-23.543999999999983,-46.56800000000008,2024-01,0,0,sp_macro_images/macro_-23.54400_-46.56800_2024-01.jpg,98.92
-23.543999999999983,-46.56400000000008,2024-04,0,2,sp_macro_images/macro_-23.54400_-46.56400_2024-04.jpg,94.31
-23.543999999999983,-46.56000000000008,2024-04,0,1,sp_macro_images/macro_-23.54400_-46.56000_2024-04.jpg,88.64
-23.543999999999983,-46.55600000000008,2024-01,0,0,sp_macro_images/macro_-23.54400_-46.55600_2024-01.jpg,83.28
-23.53999999999998,-46.7,2023-12,0,0,sp_macro_images/macro_-23.54000_-46.70000_2023-12.jpg,55.77
-23.53999999999998,-46.68800000000001,2024-04,0,1,sp_macro_images/macro_-23.54000_-46.68800_2024-04.jpg,69.34
-23.53999999999998,-46.68400000000001,2024-04,0,1,sp_macro_images/macro_-23.54000_-46.68400_2024-04.jpg,64.35
-23.53999999999998,-46.67200000000002,2024-02,0,0,sp_macro_images/macro_-23.54000_-46.67200_2024-02.jpg,80.79
-23.53999999999998,-46.66400000000002,2023-12,0,0,sp_macro_images/macro_-23.54000_-46.66400_2023-12.jpg,114.73
-23.53999999999998,-46.65600000000003,2024-04,1,1,sp_macro_images/macro_-23.54000_-46.65600_2024-04.jpg,92.18
-23.53999999999998,-46.65200000000003,2024-04,0,0,sp_macro_images/macro_-23.54000_-46.65200_2024-04.jpg,100.61
-23.53999999999998,-46.644000000000034,2024-04,1,1,sp_macro_images/macro_-23.54000_-46.64400_2024-04.jpg,120.77
-23.53999999999998,-46.64000000000004,2025-06,2,0,sp_macro_images/macro_-23.54000_-46.64000_2025-06.jpg,166.03
-23.53999999999998,-46.62800000000004,2024-07,0,0,sp_macro_images/macro_-23.54000_-46.62800_2024-07.jpg,109.34
-23.53999999999998,-46.624000000000045,2023-01,0,1,sp_macro_images/macro_-23.54000_-46.62400_2023-01.jpg,87.83
-23.53999999999998,-46.62000000000005,2024-01,1,0,sp_macro_images/macro_-23.54000_-46.62000_2024-01.jpg,83.58
-23.53999999999998,-46.60800000000005,2023-03,0,1,sp_macro_images/macro_-23.54000_-46.60800_2023-03.jpg,68.34
-23.53999999999998,-46.604000000000056,2024-07,0,0,sp_macro_images/macro_-23.54000_-46.60400_2024-07.jpg,68.3
-23.53999999999998,-46.60000000000006,2024-07,0,0,sp_macro_images/macro_-23.54000_-46.60000_2024-07.jpg,64.67
-23.53999999999998,-46.59600000000006,2024-01,0,0,sp_macro_images/macro_-23.54000_-46.59600_2024-01.jpg,85.32
-23.53999999999998,-46.59200000000006,2023-01,1,1,sp_macro_images/macro_-23.54000_-46.59200_2023-01.jpg,92.49
-23.53999999999998,-46.56800000000008,2024-04,0,0,sp_macro_images/macro_-23.54000_-46.56800_2024-04.jpg,92.26
-23.53999999999998,-46.56000000000008,2024-01,0,1,sp_macro_images/macro_-23.54000_-46.56000_2024-01.jpg,82.95
-23.53999999999998,-46.552000000000085,2024-04,0,0,sp_macro_images/macro_-23.54000_-46.55200_2024-04.jpg,86.61
-23.53599999999998,-46.7,2023-12,0,1,sp_macro_images/macro_-23.53600_-46.70000_2023-12.jpg,50.84
-23.53599999999998,-46.696000000000005,2024-04,0,0,sp_macro_images/macro_-23.53600_-46.69600_2024-04.jpg,50.55
-23.53599999999998,-46.69200000000001,2023-12,0,0,sp_macro_images/macro_-23.53600_-46.69200_2023-12.jpg,70.4
-23.53599999999998,-46.68800000000001,2023-12,0,3,sp_macro_images/macro_-23.53600_-46.68800_2023-12.jpg,74.24
-23.53599999999998,-46.68400000000001,2023-12,0,0,sp_macro_images/macro_-23.53600_-46.68400_2023-12.jpg,74.94
-23.53599999999998,-46.680000000000014,2024-04,0,2,sp_macro_images/macro_-23.53600_-46.68000_2024-04.jpg,80.66
-23.53599999999998,-46.676000000000016,2024-04,0,0,sp_macro_images/macro_-23.53600_-46.67600_2024-04.jpg,94.05
-23.53599999999998,-46.67200000000002,2024-04,0,2,sp_macro_images/macro_-23.53600_-46.67200_2024-04.jpg,80.53
-23.53599999999998,-46.66800000000002,2023-01,0,1,sp_macro_images/macro_-23.53600_-46.66800_2023-01.jpg,77.04
-23.53599999999998,-46.660000000000025,2023-12,0,0,sp_macro_images/macro_-23.53600_-46.66000_2023-12.jpg,88.29
-23.53599999999998,-46.65600000000003,2024-03,0,0,sp_macro_images/macro_-23.53600_-46.65600_2024-03.jpg,85.24
-23.53599999999998,-46.65200000000003,2024-11,0,0,sp_macro_images/macro_-23.53600_-46.65200_2024-11.jpg,87.55
-23.53599999999998,-46.64800000000003,2024-04,0,1,sp_macro_images/macro_-23.53600_-46.64800_2024-04.jpg,87.55
-23.53599999999998,-46.644000000000034,2024-01,1,0,sp_macro_images/macro_-23.53600_-46.64400_2024-01.jpg,108.18
-23.53599999999998,-46.64000000000004,2024-03,0,3,sp_macro_images/macro_-23.53600_-46.64000_2024-03.jpg,110.35
-23.53599999999998,-46.63200000000004,2023-01,1,0,sp_macro_images/macro_-23.53600_-46.63200_2023-01.jpg,109.89
-23.53599999999998,-46.62800000000004,2024-07,0,0,sp_macro_images/macro_-23.53600_-46.62800_2024-07.jpg,102.54
-23.53599999999998,-46.624000000000045,2024-07,0,1,sp_macro_images/macro_-23.53600_-46.62400_2024-07.jpg,131.26
-23.53599999999998,-46.62000000000005,2024-01,1,0,sp_macro_images/macro_-23.53600_-46.62000_2024-01.jpg,170.13
-23.53599999999998,-46.61600000000005,2023-08,0,0,sp_macro_images/macro_-23.53600_-46.61600_2023-08.jpg,106.1
-23.53599999999998,-46.61200000000005,2023-12,0,1,sp_macro_images/macro_-23.53600_-46.61200_2023-12.jpg,56.64
-23.53599999999998,-46.60800000000005,2023-01,0,1,sp_macro_images/macro_-23.53600_-46.60800_2023-01.jpg,57.78
-23.53599999999998,-46.604000000000056,2024-04,0,1,sp_macro_images/macro_-23.53600_-46.60400_2024-04.jpg,58.22
-23.53599999999998,-46.60000000000006,2024-01,0,2,sp_macro_images/macro_-23.53600_-46.60000_2024-01.jpg,58.58
-23.53599999999998,-46.59200000000006,2024-04,0,0,sp_macro_images/macro_-23.53600_-46.59200_2024-04.jpg,79.83
-23.53599999999998,-46.58800000000007,2024-05,0,0,sp_macro_images/macro_-23.53600_-46.58800_2024-05.jpg,86.49
-23.53599999999998,-46.58400000000007,2024-04,0,3,sp_macro_images/macro_-23.53600_-46.58400_2024-04.jpg,93.92
-23.53599999999998,-46.57600000000007,2023-01,0,0,sp_macro_images/macro_-23.53600_-46.57600_2023-01.jpg,109.59
-23.53599999999998,-46.57200000000008,2024-06,0,1,sp_macro_images/macro_-23.53600_-46.57200_2024-06.jpg,90.83
-23.53599999999998,-46.56800000000008,2023-01,0,1,sp_macro_images/macro_-23.53600_-46.56800_2023-01.jpg,90.18
-23.53599999999998,-46.56400000000008,2024-04,0,0,sp_macro_images/macro_-23.53600_-46.56400_2024-04.jpg,93.0
-23.53599999999998,-46.55600000000008,2024-09,0,0,sp_macro_images/macro_-23.53600_-46.55600_2024-09.jpg,89.58
-23.53599999999998,-46.552000000000085,2024-01,0,0,sp_macro_images/macro_-23.53600_-46.55200_2024-01.jpg,89.39
-23.53199999999998,-46.7,2024-04,0,1,sp_macro_images/macro_-23.53200_-46.70000_2024-04.jpg,53.01
-23.53199999999998,-46.696000000000005,2023-12,0,0,sp_macro_images/macro_-23.53200_-46.69600_2023-12.jpg,53.36
-23.53199999999998,-46.68400000000001,2023-12,0,2,sp_macro_images/macro_-23.53200_-46.68400_2023-12.jpg,80.82
-23.53199999999998,-46.680000000000014,2024-04,0,0,sp_macro_images/macro_-23.53200_-46.68000_2024-04.jpg,86.02
-23.53199999999998,-46.676000000000016,2024-07,0,1,sp_macro_images/macro_-23.53200_-46.67600_2024-07.jpg,109.22
-23.53199999999998,-46.66400000000002,2025-06,0,1,sp_macro_images/macro_-23.53200_-46.66400_2025-06.jpg,94.33
-23.53199999999998,-46.660000000000025,2024-05,1,1,sp_macro_images/macro_-23.53200_-46.66000_2024-05.jpg,94.68
-23.53199999999998,-46.65600000000003,2025-05,1,0,sp_macro_images/macro_-23.53200_-46.65600_2025-05.jpg,81.84
-23.53199999999998,-46.65200000000003,2024-04,1,0,sp_macro_images/macro_-23.53200_-46.65200_2024-04.jpg,79.32
-23.53199999999998,-46.64800000000003,2024-02,0,0,sp_macro_images/macro_-23.53200_-46.64800_2024-02.jpg,79.32
-23.53199999999998,-46.64000000000004,2024-01,0,0,sp_macro_images/macro_-23.53200_-46.64000_2024-01.jpg,106.83
-23.53199999999998,-46.63600000000004,2024-11,0,1,sp_macro_images/macro_-23.53200_-46.63600_2024-11.jpg,108.55
-23.53199999999998,-46.62800000000004,2024-11,0,0,sp_macro_images/macro_-23.53200_-46.62800_2024-11.jpg,100.03
-23.53199999999998,-46.624000000000045,2024-01,0,2,sp_macro_images/macro_-23.53200_-46.62400_2024-01.jpg,148.13
-23.53199999999998,-46.62000000000005,2024-07,0,0,sp_macro_images/macro_-23.53200_-46.62000_2024-07.jpg,173.65
-23.53199999999998,-46.61600000000005,2024-01,0,1,sp_macro_images/macro_-23.53200_-46.61600_2024-01.jpg,106.54
-23.53199999999998,-46.61200000000005,2024-04,0,1,sp_macro_images/macro_-23.53200_-46.61200_2024-04.jpg,58.05
-23.53199999999998,-46.60800000000005,2024-01,0,1,sp_macro_images/macro_-23.53200_-46.60800_2024-01.jpg,54.3
-23.53199999999998,-46.604000000000056,2024-04,0,0,sp_macro_images/macro_-23.53200_-46.60400_2024-04.jpg,54.36
-23.53199999999998,-46.59600000000006,2024-01,0,1,sp_macro_images/macro_-23.53200_-46.59600_2024-01.jpg,67.98
-23.53199999999998,-46.58400000000007,2025-04,0,0,sp_macro_images/macro_-23.53200_-46.58400_2025-04.jpg,94.14
-23.53199999999998,-46.58000000000007,2024-01,0,1,sp_macro_images/macro_-23.53200_-46.58000_2024-01.jpg,98.86
-23.53199999999998,-46.57600000000007,2024-01,1,2,sp_macro_images/macro_-23.53200_-46.57600_2024-01.jpg,89.36
-23.53199999999998,-46.56800000000008,2024-01,0,0,sp_macro_images/macro_-23.53200_-46.56800_2024-01.jpg,84.57
-23.53199999999998,-46.56000000000008,2024-09,0,0,sp_macro_images/macro_-23.53200_-46.56000_2024-09.jpg,89.33
-23.53199999999998,-46.55600000000008,2024-01,0,0,sp_macro_images/macro_-23.53200_-46.55600_2024-01.jpg,81.17
-23.53199999999998,-46.552000000000085,2025-04,0,0,sp_macro_images/macro_-23.53200_-46.55200_2025-04.jpg,82.67
-23.527999999999977,-46.7,2024-04,1,0,sp_macro_images/macro_-23.52800_-46.70000_2024-04.jpg,64.46
-23.527999999999977,-46.696000000000005,2024-10,0,1,sp_macro_images/macro_-23.52800_-46.69600_2024-10.jpg,72.7
-23.527999999999977,-46.68800000000001,2024-04,0,1,sp_macro_images/macro_-23.52800_-46.68800_2024-04.jpg,77.64
-23.527999999999977,-46.68400000000001,2024-10,0,0,sp_macro_images/macro_-23.52800_-46.68400_2024-10.jpg,174.34
-23.527999999999977,-46.680000000000014,2024-10,0,1,sp_macro_images/macro_-23.52800_-46.68000_2024-10.jpg,181.38
-23.527999999999977,-46.676000000000016,2024-09,0,2,sp_macro_images/macro_-23.52800_-46.67600_2024-09.jpg,110.15
-23.527999999999977,-46.67200000000002,2023-12,0,1,sp_macro_images/macro_-23.52800_-46.67200_2023-12.jpg,108.28
-23.527999999999977,-46.66400000000002,2023-03,0,1,sp_macro_images/macro_-23.52800_-46.66400_2023-03.jpg,111.61
-23.527999999999977,-46.660000000000025,2025-07,0,0,sp_macro_images/macro_-23.52800_-46.66000_2025-07.jpg,99.47
-23.527999999999977,-46.65600000000003,2024-04,0,0,sp_macro_images/macro_-23.52800_-46.65600_2024-04.jpg,87.15
-23.527999999999977,-46.65200000000003,2024-04,0,2,sp_macro_images/macro_-23.52800_-46.65200_2024-04.jpg,85.69
-23.527999999999977,-46.64800000000003,2025-06,0,0,sp_macro_images/macro_-23.52800_-46.64800_2025-06.jpg,85.69
-23.527999999999977,-46.64000000000004,2024-04,0,0,sp_macro_images/macro_-23.52800_-46.64000_2024-04.jpg,78.82
-23.527999999999977,-46.63600000000004,2024-01,0,1,sp_macro_images/macro_-23.52800_-46.63600_2024-01.jpg,75.68
-23.527999999999977,-46.63200000000004,2023-01,0,0,sp_macro_images/macro_-23.52800_-46.63200_2023-01.jpg,79.98
-23.527999999999977,-46.62800000000004,2025-01,0,0,sp_macro_images/macro_-23.52800_-46.62800_2025-01.jpg,97.72
-23.527999999999977,-46.62000000000005,2024-01,1,2,sp_macro_images/macro_-23.52800_-46.62000_2024-01.jpg,116.24
-23.527999999999977,-46.61600000000005,2024-07,0,1,sp_macro_images/macro_-23.52800_-46.61600_2024-07.jpg,84.84
-23.527999999999977,-46.61200000000005,2024-04,0,0,sp_macro_images/macro_-23.52800_-46.61200_2024-04.jpg,66.79
-23.527999999999977,-46.60800000000005,2024-04,0,2,sp_macro_images/macro_-23.52800_-46.60800_2024-04.jpg,57.99
-23.527999999999977,-46.604000000000056,2024-01,0,0,sp_macro_images/macro_-23.52800_-46.60400_2024-01.jpg,72.25
-23.527999999999977,-46.60000000000006,2023-03,0,1,sp_macro_images/macro_-23.52800_-46.60000_2023-03.jpg,72.26
-23.527999999999977,-46.59600000000006,2025-12,0,0,sp_macro_images/macro_-23.52800_-46.59600_2025-12.jpg,76.77
-23.527999999999977,-46.59200000000006,2024-08,0,1,sp_macro_images/macro_-23.52800_-46.59200_2024-08.jpg,77.66
-23.527999999999977,-46.58800000000007,2024-11,0,0,sp_macro_images/macro_-23.52800_-46.58800_2024-11.jpg,91.6
-23.527999999999977,-46.58400000000007,2025-12,0,0,sp_macro_images/macro_-23.52800_-46.58400_2025-12.jpg,114.63
-23.527999999999977,-46.58000000000007,2023-01,0,0,sp_macro_images/macro_-23.52800_-46.58000_2023-01.jpg,113.99
-23.527999999999977,-46.57600000000007,2024-01,0,0,sp_macro_images/macro_-23.52800_-46.57600_2024-01.jpg,99.79
-23.527999999999977,-46.56800000000008,2024-12,0,0,sp_macro_images/macro_-23.52800_-46.56800_2024-12.jpg,74.64
-23.527999999999977,-46.56400000000008,2024-04,1,1,sp_macro_images/macro_-23.52800_-46.56400_2024-04.jpg,84.77
-23.527999999999977,-46.56000000000008,2024-04,0,0,sp_macro_images/macro_-23.52800_-46.56000_2024-04.jpg,84.73
-23.527999999999977,-46.55600000000008,2025-05,0,0,sp_macro_images/macro_-23.52800_-46.55600_2025-05.jpg,76.82
-23.527999999999977,-46.552000000000085,2024-02,0,2,sp_macro_images/macro_-23.52800_-46.55200_2024-02.jpg,89.39
-23.523999999999976,-46.7,2024-04,1,1,sp_macro_images/macro_-23.52400_-46.70000_2024-04.jpg,79.87
-23.523999999999976,-46.696000000000005,2024-04,0,0,sp_macro_images/macro_-23.52400_-46.69600_2024-04.jpg,82.29
-23.523999999999976,-46.69200000000001,2023-03,0,1,sp_macro_images/macro_-23.52400_-46.69200_2023-03.jpg,79.15
-23.523999999999976,-46.68800000000001,2023-03,1,0,sp_macro_images/macro_-23.52400_-46.68800_2023-03.jpg,75.61
-23.523999999999976,-46.68400000000001,2023-12,0,1,sp_macro_images/macro_-23.52400_-46.68400_2023-12.jpg,172.48
-23.523999999999976,-46.676000000000016,2025-06,0,0,sp_macro_images/macro_-23.52400_-46.67600_2025-06.jpg,116.72
-23.523999999999976,-46.67200000000002,2023-12,0,2,sp_macro_images/macro_-23.52400_-46.67200_2023-12.jpg,122.45
-23.523999999999976,-46.66800000000002,2025-06,0,0,sp_macro_images/macro_-23.52400_-46.66800_2025-06.jpg,133.23
-23.523999999999976,-46.660000000000025,2024-07,0,0,sp_macro_images/macro_-23.52400_-46.66000_2024-07.jpg,101.97
-23.523999999999976,-46.64800000000003,2024-01,0,1,sp_macro_images/macro_-23.52400_-46.64800_2024-01.jpg,99.27
-23.523999999999976,-46.644000000000034,2024-04,0,0,sp_macro_images/macro_-23.52400_-46.64400_2024-04.jpg,75.03
-23.523999999999976,-46.64000000000004,2024-04,0,2,sp_macro_images/macro_-23.52400_-46.64000_2024-04.jpg,67.21
-23.523999999999976,-46.63200000000004,2025-01,1,0,sp_macro_images/macro_-23.52400_-46.63200_2025-01.jpg,74.18
-23.523999999999976,-46.62800000000004,2023-01,0,2,sp_macro_images/macro_-23.52400_-46.62800_2023-01.jpg,104.53
-23.523999999999976,-46.62000000000005,2024-01,0,0,sp_macro_images/macro_-23.52400_-46.62000_2024-01.jpg,94.46
-23.523999999999976,-46.61200000000005,2025-06,0,0,sp_macro_images/macro_-23.52400_-46.61200_2025-06.jpg,87.54
-23.523999999999976,-46.60800000000005,2024-08,0,0,sp_macro_images/macro_-23.52400_-46.60800_2024-08.jpg,103.73
-23.523999999999976,-46.604000000000056,2023-01,0,0,sp_macro_images/macro_-23.52400_-46.60400_2023-01.jpg,121.28
-23.523999999999976,-46.60000000000006,2025-08,0,0,sp_macro_images/macro_-23.52400_-46.60000_2025-08.jpg,97.23
-23.523999999999976,-46.59600000000006,2023-10,0,0,sp_macro_images/macro_-23.52400_-46.59600_2023-10.jpg,91.59
-23.523999999999976,-46.58800000000007,2024-01,0,1,sp_macro_images/macro_-23.52400_-46.58800_2024-01.jpg,73.1
-23.523999999999976,-46.58400000000007,2024-01,0,0,sp_macro_images/macro_-23.52400_-46.58400_2024-01.jpg,115.28
-23.523999999999976,-46.57200000000008,2024-01,0,0,sp_macro_images/macro_-23.52400_-46.57200_2024-01.jpg,78.04
-23.523999999999976,-46.56800000000008,2023-08,0,0,sp_macro_images/macro_-23.52400_-46.56800_2023-08.jpg,77.04
-23.523999999999976,-46.56400000000008,2025-09,0,1,sp_macro_images/macro_-23.52400_-46.56400_2025-09.jpg,84.85
-23.523999999999976,-46.56000000000008,2025-02,0,0,sp_macro_images/macro_-23.52400_-46.56000_2025-02.jpg,86.66
-23.523999999999976,-46.552000000000085,2024-04,0,1,sp_macro_images/macro_-23.52400_-46.55200_2024-04.jpg,82.19
-23.51999999999997,-46.68800000000001,2023-03,0,1,sp_macro_images/macro_-23.52000_-46.68800_2023-03.jpg,71.95
-23.51999999999997,-46.68400000000001,2024-04,0,1,sp_macro_images/macro_-23.52000_-46.68400_2024-04.jpg,87.67
-23.51999999999997,-46.680000000000014,2024-04,0,2,sp_macro_images/macro_-23.52000_-46.68000_2024-04.jpg,109.56
-23.51999999999997,-46.676000000000016,2023-12,0,1,sp_macro_images/macro_-23.52000_-46.67600_2023-12.jpg,124.88
-23.51999999999997,-46.67200000000002,2024-07,0,0,sp_macro_images/macro_-23.52000_-46.67200_2024-07.jpg,128.44
-23.51999999999997,-46.66800000000002,2025-06,0,0,sp_macro_images/macro_-23.52000_-46.66800_2025-06.jpg,123.71
-23.51999999999997,-46.66400000000002,2023-03,0,0,sp_macro_images/macro_-23.52000_-46.66400_2023-03.jpg,124.51
-23.51999999999997,-46.65600000000003,2024-04,0,1,sp_macro_images/macro_-23.52000_-46.65600_2024-04.jpg,110.27
-23.51999999999997,-46.65200000000003,2025-06,0,1,sp_macro_images/macro_-23.52000_-46.65200_2025-06.jpg,96.85
-23.51999999999997,-46.62800000000004,2024-11,0,0,sp_macro_images/macro_-23.52000_-46.62800_2024-11.jpg,123.52
-23.51999999999997,-46.624000000000045,2025-11,0,0,sp_macro_images/macro_-23.52000_-46.62400_2025-11.jpg,125.02
-23.51999999999997,-46.61600000000005,2025-09,0,0,sp_macro_images/macro_-23.52000_-46.61600_2025-09.jpg,102.96
-23.51999999999997,-46.604000000000056,2023-01,0,1,sp_macro_images/macro_-23.52000_-46.60400_2023-01.jpg,112.08
-23.51999999999997,-46.60000000000006,2024-04,0,0,sp_macro_images/macro_-23.52000_-46.60000_2024-04.jpg,105.65
-23.51999999999997,-46.59600000000006,2023-02,0,1,sp_macro_images/macro_-23.52000_-46.59600_2023-02.jpg,91.38
-23.51999999999997,-46.59200000000006,2025-01,0,0,sp_macro_images/macro_-23.52000_-46.59200_2025-01.jpg,63.15
-23.51999999999997,-46.58400000000007,2025-08,0,0,sp_macro_images/macro_-23.52000_-46.58400_2025-08.jpg,88.81
-23.51999999999997,-46.58000000000007,2024-04,0,0,sp_macro_images/macro_-23.52000_-46.58000_2024-04.jpg,76.17
-23.51999999999997,-46.57600000000007,2024-01,0,2,sp_macro_images/macro_-23.52000_-46.57600_2024-01.jpg,64.82
-23.51999999999997,-46.57200000000008,2024-01,2,0,sp_macro_images/macro_-23.52000_-46.57200_2024-01.jpg,71.34
-23.51999999999997,-46.56800000000008,2024-01,0,0,sp_macro_images/macro_-23.52000_-46.56800_2024-01.jpg,84.54
-23.51999999999997,-46.56400000000008,2024-01,0,0,sp_macro_images/macro_-23.52000_-46.56400_2024-01.jpg,96.51
-23.51999999999997,-46.56000000000008,2025-09,0,0,sp_macro_images/macro_-23.52000_-46.56000_2025-09.jpg,104.13
-23.51999999999997,-46.55600000000008,2025-09,0,0,sp_macro_images/macro_-23.52000_-46.55600_2025-09.jpg,75.27
-23.515999999999973,-46.7,2024-04,0,3,sp_macro_images/macro_-23.51600_-46.70000_2024-04.jpg,77.8
-23.515999999999973,-46.696000000000005,2023-09,0,0,sp_macro_images/macro_-23.51600_-46.69600_2023-09.jpg,74.7
-23.515999999999973,-46.68800000000001,2024-09,0,0,sp_macro_images/macro_-23.51600_-46.68800_2024-09.jpg,95.01
-23.515999999999973,-46.680000000000014,2024-10,0,0,sp_macro_images/macro_-23.51600_-46.68000_2024-10.jpg,119.64
-23.515999999999973,-46.676000000000016,2023-11,0,1,sp_macro_images/macro_-23.51600_-46.67600_2023-11.jpg,132.0
-23.515999999999973,-46.67200000000002,2025-02,0,1,sp_macro_images/macro_-23.51600_-46.67200_2025-02.jpg,118.35
-23.515999999999973,-46.66800000000002,2025-02,0,0,sp_macro_images/macro_-23.51600_-46.66800_2025-02.jpg,107.02
-23.515999999999973,-46.66400000000002,2025-03,0,1,sp_macro_images/macro_-23.51600_-46.66400_2025-03.jpg,98.86
-23.515999999999973,-46.660000000000025,2025-03,0,0,sp_macro_images/macro_-23.51600_-46.66000_2025-03.jpg,106.1
-23.515999999999973,-46.65600000000003,2025-09,0,0,sp_macro_images/macro_-23.51600_-46.65600_2025-09.jpg,109.7
-23.515999999999973,-46.65200000000003,2025-08,0,0,sp_macro_images/macro_-23.51600_-46.65200_2025-08.jpg,109.06
-23.515999999999973,-46.64800000000003,2025-06,0,1,sp_macro_images/macro_-23.51600_-46.64800_2025-06.jpg,109.06
-23.515999999999973,-46.644000000000034,2025-06,0,0,sp_macro_images/macro_-23.51600_-46.64400_2025-06.jpg,109.1
-23.515999999999973,-46.63200000000004,2024-11,0,0,sp_macro_images/macro_-23.51600_-46.63200_2024-11.jpg,92.53
-23.515999999999973,-46.62000000000005,2024-11,0,0,sp_macro_images/macro_-23.51600_-46.62000_2024-11.jpg,135.98
-23.515999999999973,-46.61600000000005,2024-11,0,0,sp_macro_images/macro_-23.51600_-46.61600_2024-11.jpg,136.16
-23.515999999999973,-46.60800000000005,2024-11,0,2,sp_macro_images/macro_-23.51600_-46.60800_2024-11.jpg,103.85
-23.515999999999973,-46.60000000000006,2023-02,0,0,sp_macro_images/macro_-23.51600_-46.60000_2023-02.jpg,92.0
-23.515999999999973,-46.59600000000006,2024-01,0,0,sp_macro_images/macro_-23.51600_-46.59600_2024-01.jpg,79.2
-23.515999999999973,-46.59200000000006,2024-01,1,0,sp_macro_images/macro_-23.51600_-46.59200_2024-01.jpg,70.2
-23.515999999999973,-46.58800000000007,2024-01,0,1,sp_macro_images/macro_-23.51600_-46.58800_2024-01.jpg,69.61
-23.515999999999973,-46.58400000000007,2024-07,1,0,sp_macro_images/macro_-23.51600_-46.58400_2024-07.jpg,75.36
-23.515999999999973,-46.58000000000007,2023-06,0,0,sp_macro_images/macro_-23.51600_-46.58000_2023-06.jpg,72.1
-23.515999999999973,-46.57200000000008,2024-01,0,0,sp_macro_images/macro_-23.51600_-46.57200_2024-01.jpg,71.36
-23.515999999999973,-46.56800000000008,2023-08,1,1,sp_macro_images/macro_-23.51600_-46.56800_2023-08.jpg,84.67
-23.515999999999973,-46.56400000000008,2024-01,0,0,sp_macro_images/macro_-23.51600_-46.56400_2024-01.jpg,82.23
-23.515999999999973,-46.55600000000008,2025-07,1,0,sp_macro_images/macro_-23.51600_-46.55600_2025-07.jpg,72.75
-23.515999999999973,-46.552000000000085,2025-09,0,1,sp_macro_images/macro_-23.51600_-46.55200_2025-09.jpg,62.02
-23.51199999999997,-46.7,2025-02,0,0,sp_macro_images/macro_-23.51200_-46.70000_2025-02.jpg,86.11
-23.51199999999997,-46.696000000000005,2024-04,0,0,sp_macro_images/macro_-23.51200_-46.69600_2024-04.jpg,105.9
-23.51199999999997,-46.69200000000001,2024-10,0,0,sp_macro_images/macro_-23.51200_-46.69200_2024-10.jpg,109.92
-23.51199999999997,-46.68800000000001,2023-12,0,1,sp_macro_images/macro_-23.51200_-46.68800_2023-12.jpg,107.35
-23.51199999999997,-46.680000000000014,2025-01,0,1,sp_macro_images/macro_-23.51200_-46.68000_2025-01.jpg,107.04
-23.51199999999997,-46.66800000000002,2025-06,0,4,sp_macro_images/macro_-23.51200_-46.66800_2025-06.jpg,95.06
-23.51199999999997,-46.660000000000025,2023-12,0,0,sp_macro_images/macro_-23.51200_-46.66000_2023-12.jpg,91.48
-23.51199999999997,-46.65600000000003,2025-09,0,0,sp_macro_images/macro_-23.51200_-46.65600_2025-09.jpg,97.06
-23.51199999999997,-46.65200000000003,2023-12,0,1,sp_macro_images/macro_-23.51200_-46.65200_2023-12.jpg,77.05
-23.51199999999997,-46.62800000000004,2024-11,0,1,sp_macro_images/macro_-23.51200_-46.62800_2024-11.jpg,96.87
-23.51199999999997,-46.624000000000045,2024-10,0,0,sp_macro_images/macro_-23.51200_-46.62400_2024-10.jpg,108.14
-23.51199999999997,-46.61600000000005,2024-11,0,0,sp_macro_images/macro_-23.51200_-46.61600_2024-11.jpg,112.62
-23.51199999999997,-46.61200000000005,2023-02,1,1,sp_macro_images/macro_-23.51200_-46.61200_2023-02.jpg,116.48
-23.51199999999997,-46.60800000000005,2024-01,0,0,sp_macro_images/macro_-23.51200_-46.60800_2024-01.jpg,103.83
-23.51199999999997,-46.58400000000007,2025-02,0,2,sp_macro_images/macro_-23.51200_-46.58400_2025-02.jpg,65.4
-23.51199999999997,-46.57600000000007,2025-08,0,0,sp_macro_images/macro_-23.51200_-46.57600_2025-08.jpg,68.4
-23.51199999999997,-46.57200000000008,2024-04,0,0,sp_macro_images/macro_-23.51200_-46.57200_2024-04.jpg,78.61
-23.51199999999997,-46.56800000000008,2024-04,1,0,sp_macro_images/macro_-23.51200_-46.56800_2024-04.jpg,76.59
-23.51199999999997,-46.56400000000008,2023-03,0,1,sp_macro_images/macro_-23.51200_-46.56400_2023-03.jpg,68.59
-23.51199999999997,-46.56000000000008,2025-07,0,0,sp_macro_images/macro_-23.51200_-46.56000_2025-07.jpg,62.24
-23.51199999999997,-46.55600000000008,2025-05,0,0,sp_macro_images/macro_-23.51200_-46.55600_2025-05.jpg,61.91
-23.51199999999997,-46.552000000000085,2024-05,0,0,sp_macro_images/macro_-23.51200_-46.55200_2024-05.jpg,63.41
-23.50799999999997,-46.7,2025-07,0,0,sp_macro_images/macro_-23.50800_-46.70000_2025-07.jpg,89.68
-23.50799999999997,-46.69200000000001,2025-07,0,0,sp_macro_images/macro_-23.50800_-46.69200_2025-07.jpg,129.15
-23.50799999999997,-46.68800000000001,2024-04,0,0,sp_macro_images/macro_-23.50800_-46.68800_2024-04.jpg,104.78
-23.50799999999997,-46.680000000000014,2025-09,0,0,sp_macro_images/macro_-23.50800_-46.68000_2025-09.jpg,90.9
-23.50799999999997,-46.676000000000016,2025-04,0,1,sp_macro_images/macro_-23.50800_-46.67600_2025-04.jpg,91.77
-23.50799999999997,-46.67200000000002,2023-12,0,1,sp_macro_images/macro_-23.50800_-46.67200_2023-12.jpg,97.45
-23.50799999999997,-46.65200000000003,2024-11,0,0,sp_macro_images/macro_-23.50800_-46.65200_2024-11.jpg,52.88
-23.50799999999997,-46.62800000000004,2024-02,0,1,sp_macro_images/macro_-23.50800_-46.62800_2024-02.jpg,48.28
-23.50799999999997,-46.61600000000005,2024-04,0,0,sp_macro_images/macro_-23.50800_-46.61600_2024-04.jpg,99.81
-23.50799999999997,-46.61200000000005,2024-11,0,1,sp_macro_images/macro_-23.50800_-46.61200_2024-11.jpg,104.34
-23.50799999999997,-46.60800000000005,2024-01,0,0,sp_macro_images/macro_-23.50800_-46.60800_2024-01.jpg,90.47
-23.50799999999997,-46.59600000000006,2024-04,0,0,sp_macro_images/macro_-23.50800_-46.59600_2024-04.jpg,64.18
-23.50799999999997,-46.58800000000007,2024-04,0,0,sp_macro_images/macro_-23.50800_-46.58800_2024-04.jpg,60.62
-23.50799999999997,-46.58400000000007,2024-04,0,1,sp_macro_images/macro_-23.50800_-46.58400_2024-04.jpg,62.09
-23.50799999999997,-46.58000000000007,2024-07,0,0,sp_macro_images/macro_-23.50800_-46.58000_2024-07.jpg,64.35
-23.50799999999997,-46.57200000000008,2025-08,0,0,sp_macro_images/macro_-23.50800_-46.57200_2025-08.jpg,66.31
-23.50799999999997,-46.56400000000008,2024-01,0,1,sp_macro_images/macro_-23.50800_-46.56400_2024-01.jpg,69.9
-23.50799999999997,-46.56000000000008,2023-01,0,0,sp_macro_images/macro_-23.50800_-46.56000_2023-01.jpg,70.4
-23.50799999999997,-46.55600000000008,2023-06,0,1,sp_macro_images/macro_-23.50800_-46.55600_2023-06.jpg,69.45
-23.50799999999997,-46.552000000000085,2025-05,0,1,sp_macro_images/macro_-23.50800_-46.55200_2025-05.jpg,65.22
-23.50399999999997,-46.7,2024-04,0,2,sp_macro_images/macro_-23.50400_-46.70000_2024-04.jpg,78.24
-23.50399999999997,-46.696000000000005,2024-04,0,1,sp_macro_images/macro_-23.50400_-46.69600_2024-04.jpg,98.2
-23.50399999999997,-46.69200000000001,2024-04,1,0,sp_macro_images/macro_-23.50400_-46.69200_2024-04.jpg,123.38
-23.50399999999997,-46.68800000000001,2024-10,0,0,sp_macro_images/macro_-23.50400_-46.68800_2024-10.jpg,99.69
-23.50399999999997,-46.68400000000001,2025-10,0,0,sp_macro_images/macro_-23.50400_-46.68400_2025-10.jpg,92.95
-23.50399999999997,-46.680000000000014,2025-10,0,0,sp_macro_images/macro_-23.50400_-46.68000_2025-10.jpg,87.02
-23.50399999999997,-46.676000000000016,2025-09,0,0,sp_macro_images/macro_-23.50400_-46.67600_2025-09.jpg,85.39
-23.50399999999997,-46.67200000000002,2023-05,0,1,sp_macro_images/macro_-23.50400_-46.67200_2023-05.jpg,78.21
-23.50399999999997,-46.66800000000002,2024-10,0,1,sp_macro_images/macro_-23.50400_-46.66800_2024-10.jpg,72.6
-23.50399999999997,-46.660000000000025,2025-06,0,1,sp_macro_images/macro_-23.50400_-46.66000_2025-06.jpg,56.27
-23.50399999999997,-46.65200000000003,2023-01,0,0,sp_macro_images/macro_-23.50400_-46.65200_2023-01.jpg,54.15
-23.50399999999997,-46.644000000000034,2025-09,0,1,sp_macro_images/macro_-23.50400_-46.64400_2025-09.jpg,57.22
-23.50399999999997,-46.64000000000004,2025-09,0,0,sp_macro_images/macro_-23.50400_-46.64000_2025-09.jpg,64.03
-23.50399999999997,-46.63200000000004,2025-01,0,0,sp_macro_images/macro_-23.50400_-46.63200_2025-01.jpg,48.0
-23.50399999999997,-46.62800000000004,2025-09,0,0,sp_macro_images/macro_-23.50400_-46.62800_2025-09.jpg,53.06
-23.50399999999997,-46.624000000000045,2023-10,0,1,sp_macro_images/macro_-23.50400_-46.62400_2023-10.jpg,100.43
-23.50399999999997,-46.61200000000005,2024-04,0,0,sp_macro_images/macro_-23.50400_-46.61200_2024-04.jpg,83.35
-23.50399999999997,-46.60800000000005,2025-09,0,1,sp_macro_images/macro_-23.50400_-46.60800_2025-09.jpg,64.48
-23.50399999999997,-46.604000000000056,2024-04,0,0,sp_macro_images/macro_-23.50400_-46.60400_2024-04.jpg,71.75
-23.50399999999997,-46.59600000000006,2024-01,0,1,sp_macro_images/macro_-23.50400_-46.59600_2024-01.jpg,56.67
-23.50399999999997,-46.59200000000006,2024-01,0,0,sp_macro_images/macro_-23.50400_-46.59200_2024-01.jpg,53.82
-23.50399999999997,-46.58000000000007,2024-01,0,0,sp_macro_images/macro_-23.50400_-46.58000_2024-01.jpg,56.11
-23.50399999999997,-46.57600000000007,2024-04,0,0,sp_macro_images/macro_-23.50400_-46.57600_2024-04.jpg,59.22
-23.50399999999997,-46.57200000000008,2024-07,0,0,sp_macro_images/macro_-23.50400_-46.57200_2024-07.jpg,60.68
-23.50399999999997,-46.56800000000008,2025-08,0,1,sp_macro_images/macro_-23.50400_-46.56800_2025-08.jpg,64.07
-23.50399999999997,-46.56400000000008,2024-01,0,0,sp_macro_images/macro_-23.50400_-46.56400_2024-01.jpg,70.74
-23.50399999999997,-46.55600000000008,2024-01,0,0,sp_macro_images/macro_-23.50400_-46.55600_2024-01.jpg,68.71
-23.50399999999997,-46.552000000000085,2025-11,1,1,sp_macro_images/macro_-23.50400_-46.55200_2025-11.jpg,56.69
-23.499999999999968,-46.7,2023-01,0,0,sp_macro_images/macro_-23.50000_-46.70000_2023-01.jpg,73.88
-23.499999999999968,-46.696000000000005,2025-01,0,1,sp_macro_images/macro_-23.50000_-46.69600_2025-01.jpg,74.94
-23.499999999999968,-46.69200000000001,2024-04,0,2,sp_macro_images/macro_-23.50000_-46.69200_2024-04.jpg,78.04
-23.499999999999968,-46.68800000000001,2025-10,0,1,sp_macro_images/macro_-23.50000_-46.68800_2025-10.jpg,72.73
-23.499999999999968,-46.680000000000014,2024-07,0,0,sp_macro_images/macro_-23.50000_-46.68000_2024-07.jpg,72.31
-23.499999999999968,-46.67200000000002,2024-04,0,0,sp_macro_images/macro_-23.50000_-46.67200_2024-04.jpg,64.96
-23.499999999999968,-46.66800000000002,2024-04,0,0,sp_macro_images/macro_-23.50000_-46.66800_2024-04.jpg,60.18
-23.499999999999968,-46.65600000000003,2024-11,0,0,sp_macro_images/macro_-23.50000_-46.65600_2024-11.jpg,45.87
-23.499999999999968,-46.644000000000034,2024-07,0,0,sp_macro_images/macro_-23.50000_-46.64400_2024-07.jpg,68.01
-23.499999999999968,-46.64000000000004,2024-07,0,0,sp_macro_images/macro_-23.50000_-46.64000_2024-07.jpg,70.48
-23.499999999999968,-46.62800000000004,2025-09,0,0,sp_macro_images/macro_-23.50000_-46.62800_2025-09.jpg,65.88
-23.499999999999968,-46.624000000000045,2025-09,0,0,sp_macro_images/macro_-23.50000_-46.62400_2025-09.jpg,96.55
-23.499999999999968,-46.61600000000005,2025-09,0,0,sp_macro_images/macro_-23.50000_-46.61600_2025-09.jpg,95.58
-23.499999999999968,-46.61200000000005,2024-07,0,1,sp_macro_images/macro_-23.50000_-46.61200_2024-07.jpg,93.27
-23.499999999999968,-46.60000000000006,2023-01,0,0,sp_macro_images/macro_-23.50000_-46.60000_2023-01.jpg,58.21
-23.499999999999968,-46.59200000000006,2025-09,0,0,sp_macro_images/macro_-23.50000_-46.59200_2025-09.jpg,53.41
-23.499999999999968,-46.58800000000007,2024-01,0,1,sp_macro_images/macro_-23.50000_-46.58800_2024-01.jpg,57.54
-23.499999999999968,-46.58400000000007,2024-04,0,1,sp_macro_images/macro_-23.50000_-46.58400_2024-04.jpg,56.78
-23.499999999999968,-46.58000000000007,2023-01,0,0,sp_macro_images/macro_-23.50000_-46.58000_2023-01.jpg,54.79
-23.499999999999968,-46.57600000000007,2023-01,0,3,sp_macro_images/macro_-23.50000_-46.57600_2023-01.jpg,60.91
-23.499999999999968,-46.57200000000008,2024-01,0,0,sp_macro_images/macro_-23.50000_-46.57200_2024-01.jpg,68.73
-23.499999999999968,-46.56800000000008,2024-06,0,0,sp_macro_images/macro_-23.50000_-46.56800_2024-06.jpg,77.24
-23.499999999999968,-46.56000000000008,2025-09,0,1,sp_macro_images/macro_-23.50000_-46.56000_2025-09.jpg,66.73
-23.499999999999968,-46.55600000000008,2024-01,0,0,sp_macro_images/macro_-23.50000_-46.55600_2024-01.jpg,54.98
-23.499999999999968,-46.552000000000085,2024-01,0,1,sp_macro_images/macro_-23.50000_-46.55200_2024-01.jpg,45.81
